{
  "measure.js": 1775548289.150494,
  "test_alpha.js": 1775548152.392678,
  "test_transparency.js": 1775548129.458134,
  "next-env.d.ts": 1775720308.4280686,
  "playwright.config.ts": 1775711947.0013907,
  "vitest.config.ts": 1775715327.3758404,
  "next.config.ts": 1775472347.8805084,
  "public/widget.js": 1775209444.6214993,
  "public/sw.js": 1775826311.0090256,
  "src/proxy.ts": 1775564530.3751864,
  "src/app/layout.tsx": 1775564716.9228942,
  "src/app/manifest.ts": 1775214950.1495483,
  "src/app/page.tsx": 1775547199.8177152,
  "src/app/dashboard/layout.tsx": 1775551793.4835207,
  "src/app/dashboard/page.tsx": 1775541108.5177486,
  "src/app/dashboard/leads/page.tsx": 1775486078.3558304,
  "src/app/dashboard/ab-tests/page.tsx": 1775486088.2473269,
  "src/app/dashboard/leaderboard/page.tsx": 1775486081.6971698,
  "src/app/dashboard/wheels/page.tsx": 1775547484.8019865,
  "src/app/dashboard/wheels/[id]/page.tsx": 1775832861.7181716,
  "src/app/dashboard/integrations/page.tsx": 1775486084.443241,
  "src/app/dashboard/push/page.tsx": 1775486083.1327808,
  "src/app/dashboard/audit/page.tsx": 1775486089.575665,
  "src/app/dashboard/account/page.tsx": 1775486134.0084414,
  "src/app/dashboard/theme-tester/page.tsx": 1775645235.3510993,
  "src/app/dashboard/prizes/page.tsx": 1775486123.9445739,
  "src/app/dashboard/analytics/page.tsx": 1775486077.2685683,
  "src/app/register/page.tsx": 1775486464.9592621,
  "src/app/register/onboarding/page.tsx": 1775486464.9596553,
  "src/app/api/referral/track/route.ts": 1775209274.288777,
  "src/app/api/referral/credits/route.ts": 1775209284.356228,
  "src/app/api/auth/google-register/route.ts": 1775473003.1009686,
  "src/app/api/auth/refresh/route.ts": 1775211383.5130095,
  "src/app/api/auth/google/route.ts": 1775481481.2384899,
  "src/app/api/auth/google/callback/route.ts": 1775481491.3114657,
  "src/app/api/auth/logout/route.ts": 1775021586.7169545,
  "src/app/api/auth/register/route.ts": 1775035152.8444242,
  "src/app/api/auth/me/route.ts": 1775034805.618033,
  "src/app/api/auth/login/route.ts": 1775211378.143112,
  "src/app/api/leads/route.ts": 1775212594.5130181,
  "src/app/api/spin/streak/route.ts": 1775215426.297386,
  "src/app/api/spin/game-type/route.ts": 1775830048.6950533,
  "src/app/api/spin/execute/route.ts": 1775047514.1094906,
  "src/app/api/spin/session/route.ts": 1775803167.0688517,
  "src/app/api/wheels/route.ts": 1775542113.4933367,
  "src/app/api/wheels/[id]/route.ts": 1775719980.229999,
  "src/app/api/wheels/[id]/leaderboard/route.ts": 1775209093.8877711,
  "src/app/api/wheels/[id]/publish/route.ts": 1775044144.294391,
  "src/app/api/wheels/[id]/segments/route.ts": 1775797285.5924628,
  "src/app/api/wheels/[id]/ab-test/route.ts": 1775043717.6229317,
  "src/app/api/integrations/route.ts": 1775037434.9202597,
  "src/app/api/integrations/shopify/route.ts": 1775044174.298749,
  "src/app/api/push/unsubscribe/route.ts": 1775215155.3165362,
  "src/app/api/push/subscribe/route.ts": 1775215150.632502,
  "src/app/api/push/logs/route.ts": 1775215257.6387205,
  "src/app/api/push/send/route.ts": 1775472959.5402377,
  "src/app/api/push/stats/route.ts": 1775215252.1346889,
  "src/app/api/coupons/route.ts": 1775037449.615097,
  "src/app/api/telegram/webhook/route.ts": 1775215649.1606336,
  "src/app/api/telegram/send/route.ts": 1775215659.0634804,
  "src/app/api/wallet/apple/route.ts": 1775216300.3975604,
  "src/app/api/wallet/google/route.ts": 1775215700.5368083,
  "src/app/api/account/route.ts": 1775034865.5155354,
  "src/app/api/account/audit-logs/route.ts": 1775481717.122242,
  "src/app/api/account/gdpr-delete/route.ts": 1775037493.7874386,
  "src/app/api/themes/route.ts": 1775558267.1429172,
  "src/app/api/themes/presets/route.ts": 1775800034.904956,
  "src/app/api/themes/[id]/route.ts": 1775558276.8150296,
  "src/app/api/prizes/route.ts": 1775037376.4846559,
  "src/app/api/prizes/[id]/route.ts": 1775037392.144383,
  "src/app/api/billing/webhook/route.ts": 1775043843.6582549,
  "src/app/api/billing/checkout/route.ts": 1775199191.9346826,
  "src/app/api/whatsapp/send/route.ts": 1775215631.4349313,
  "src/app/api/upload/route.ts": 1775645255.876778,
  "src/app/api/cron/whatsapp-reminder/route.ts": 1775215641.691705,
  "src/app/api/cron/reset-daily/route.ts": 1775034887.4137611,
  "src/app/api/cron/reset-monthly/route.ts": 1775034896.2092464,
  "src/app/api/cron/expire-sessions/route.ts": 1775472214.4557955,
  "src/app/api/cron/push-reminder/route.ts": 1775472948.3674562,
  "src/app/api/analytics/route.ts": 1775215547.6500072,
  "src/app/api/analytics/leaderboard/route.ts": 1775211148.539853,
  "src/app/api/analytics/export/route.ts": 1775038167.921505,
  "src/app/login/page.tsx": 1775551942.9687104,
  "src/components/theme-dialog.tsx": 1775800192.265688,
  "src/components/theme-preset-selector.tsx": 1775801972.9191701,
  "src/components/ui/tabs.tsx": 1775021474.0224164,
  "src/components/ui/card.tsx": 1775486109.7891421,
  "src/components/ui/progress.tsx": 1775021487.0080445,
  "src/components/ui/sheet.tsx": 1775021474.2466896,
  "src/components/ui/label.tsx": 1775021473.9426594,
  "src/components/ui/sonner.tsx": 1775021486.9212666,
  "src/components/ui/switch.tsx": 1775021486.98494,
  "src/components/ui/avatar.tsx": 1775021474.1647375,
  "src/components/ui/dialog.tsx": 1775021474.2196202,
  "src/components/ui/badge.tsx": 1775021473.9686959,
  "src/components/ui/table.tsx": 1775021473.9976683,
  "src/components/ui/separator.tsx": 1775021474.138235,
  "src/components/ui/button.tsx": 1775483587.9540207,
  "src/components/ui/dropdown-menu.tsx": 1775482269.3416848,
  "src/components/ui/select.tsx": 1775021474.0744612,
  "src/components/ui/textarea.tsx": 1775021486.9595807,
  "src/components/ui/input.tsx": 1775021473.917346,
  "src/components/widget/play-page-shell.tsx": 1775216273.0441773,
  "src/components/widget/slot-widget.tsx": 1775832108.225988,
  "src/components/widget/spin-widget.tsx": 1775546377.3297827,
  "src/components/widget/scratch-widget.tsx": 1775832108.2345889,
  "src/components/widget/roulette-widget.tsx": 1775832001.2761269,
  "src/components/widget/referral-panel.tsx": 1775209309.4795146,
  "src/components/widget/phone-input.tsx": 1775213975.0698562,
  "src/components/widget/win-qr-card.tsx": 1775461636.7797654,
  "src/components/providers/theme-provider.tsx": 1775199866.345793,
  "src/components/providers/sw-registrar.tsx": 1775215270.495699,
  "src/components/providers/auth-provider.tsx": 1775031910.2060075,
  "src/components/dashboard/wheels/roulette-preview.tsx": 1775802704.7760823,
  "src/components/dashboard/wheels/slot-preview.tsx": 1775802746.035428,
  "src/components/dashboard/wheels/wheel-preview.tsx": 1775639408.6573696,
  "src/components/dashboard/wheels/scratch-preview.tsx": 1775802740.5592723,
  "src/__tests__/themes-id.test.ts": 1775724497.296095,
  "src/__tests__/theme-select-preview.test.ts": 1775739572.106745,
  "src/__tests__/themes.test.ts": 1775724497.2932708,
  "src/__tests__/wheels-id.test.ts": 1775724497.3022022,
  "src/__tests__/audit.test.ts": 1775724497.28319,
  "src/__tests__/auth-login.test.ts": 1775724504.9960337,
  "src/__tests__/leads.test.ts": 1775715287.7597184,
  "src/__tests__/analytics.test.ts": 1775724497.2802153,
  "src/__tests__/setup.ts": 1775638599.0249858,
  "src/__tests__/wheel-templates.test.ts": 1775739535.7220755,
  "src/__tests__/prizes-id.test.ts": 1775724497.2899857,
  "src/__tests__/wheels.test.ts": 1775724497.2989924,
  "src/__tests__/roulette-renderer.test.ts": 1775462469.8661811,
  "src/__tests__/theme-application.test.ts": 1775739545.0361767,
  "src/__tests__/prize-engine.test.ts": 1775638544.7527292,
  "src/__tests__/spin-session.test.ts": 1775803379.367225,
  "src/__tests__/wheels-segments.test.ts": 1775797461.9030993,
  "src/__tests__/prizes.test.ts": 1775724497.2859168,
  "src/__tests__/spin-execute.test.ts": 1775638550.2950506,
  "src/__tests__/normalize-segment.test.ts": 1775718905.152157,